SN,Name,Email,Phone,Address,Nationality,Gender,Education,Preferred mode of contact,Date Of Birth,Created On
1,"Sean Valencia",lohoti@mailinator.com,54,"Minima eius sint per","Molestias commodi un",female,"Quia non est ipsum",none,1985-10-11,2021-08-06
2,"Quynn Jackson",jetop@mailinator.com,44,"Voluptatibus volupta","Neque sint tenetur s",female,"Quod hic totam nobis",email,2007-02-15,2021-08-06
3,"Noelani Goff",fynoler@mailinator.com,24,"Proident ut invento",bbbb,male,"Dolor omnis odio nul",email,1984-07-26,2021-08-06
4,"David Noel",wysudabel@mailinator.com,54,"Commodi eos neque s","Officiis blanditiis",female,"Blanditiis quia erro",email,2017-12-13,2021-08-10
5,"Wilma Odom",qebonys@mailinator.com,62,"Ipsum enim sit cum","Eius et nobis repreh",male,"Ex officia quod eu p",phone,1997-09-13,2021-08-10
